customer_id,customer_name,email,city,state,country,signup_date
1,Lee Sanchez,geoffreymoss@example.com,Michaelland,Delaware,Pitcairn Islands,2026-03-06
2,Edward Young,aaron93@example.org,Nathanmouth,Pennsylvania,Burkina Faso,2026-05-03
3,Zachary Leon,lhuffman@example.org,Brownmouth,Indiana,Bermuda,2026-04-09
4,Kristen Cherry,zsmith@example.org,Beckport,Alaska,Paraguay,2026-05-21
5,Tara Vargas,eringarrett@example.org,East Christopher,Alabama,Korea,2026-01-19
6,Brian Price,lbartlett@example.org,Johnsfort,Alabama,Lao People's Democratic Republic,2026-01-05
7,Lindsey Henry,fishermark@example.org,Jenniferburgh,Nevada,Thailand,2026-01-14
8,Catherine Nguyen,ashleypowell@example.org,Port Darrellfort,Washington,South Africa,2026-01-22
9,Angelica Maxwell,jennifer38@example.net,Kimborough,South Dakota,Anguilla,2026-03-05
10,Jonathan Haynes,paultrujillo@example.org,New Robinmouth,Virginia,Saint Vincent and the Grenadines,2026-03-16
11,Amber Velazquez,samanthagray@example.org,New Melissabury,Mississippi,Algeria,2026-01-03
12,Craig Smith,teresa27@example.com,East Manuelburgh,Florida,Holy See (Vatican City State),2026-02-08
13,Wendy Willis,kellybaldwin@example.net,Melissaport,Mississippi,Kyrgyz Republic,2026-01-07
14,Emily Rowland,owheeler@example.com,West Ericberg,Illinois,Hungary,2026-04-19
15,April Hardin,hammondsamantha@example.com,South Michelle,Vermont,Nauru,2026-01-28
16,Dawn Cortez,mwelch@example.com,East Collinport,Kentucky,Cuba,2026-02-16
17,Tamara Downs,snowtammy@example.net,Lake Andrewtown,Vermont,Gibraltar,2026-04-22
18,Diana Kelley,brian09@example.com,Jenniferstad,Missouri,Afghanistan,2026-03-13
19,Charles Smith,dpark@example.org,Lake Christopherland,Michigan,United States of America,2026-02-03
20,Jennifer Barnes,angelabrown@example.net,Amandaburgh,Pennsylvania,Indonesia,2026-04-01
21,Elizabeth Daniels,gene92@example.com,Lake Deanna,North Carolina,Sri Lanka,2026-05-16
22,Justin Kane,bbailey@example.com,Lake Tamarastad,Florida,Congo,2026-05-21
23,Tiffany Mcgrath,esmith@example.org,Tylerstad,Virginia,Bosnia and Herzegovina,2026-05-24
24,Aaron Booth,vhamilton@example.org,New Davidfort,North Dakota,Anguilla,2026-05-08
25,Jay Hudson,greendeanna@example.com,North Charlesside,Montana,Tokelau,2026-01-18
26,Michelle Waters,kimberlysampson@example.com,New Andrew,Hawaii,Congo,2026-01-08
27,Chelsea Garza,brandonfritz@example.net,Smithville,Massachusetts,Palestinian Territory,2026-02-08
28,Corey Jenkins,jhicks@example.com,Codyport,Vermont,Yemen,2026-05-03
29,Linda Elliott,clewis@example.net,North Juanstad,North Dakota,Gibraltar,2026-03-24
30,James Martin,doyleerin@example.com,Benjaminfurt,Colorado,Aruba,2026-04-24
31,Craig Howell,nho@example.com,Weissville,Colorado,Aruba,2026-05-01
32,Elizabeth Shannon,mgarcia@example.net,Davisview,North Carolina,Austria,2026-02-24
33,Dr. Frank Ho,nancygibson@example.net,New Richard,Alaska,Lesotho,2026-01-01
34,Danielle Delgado,josephbowman@example.net,South Robertburgh,Hawaii,American Samoa,2026-04-04
35,Andrew Taylor,patricklewis@example.net,Lake Stevenfurt,Nevada,French Polynesia,2026-01-31
36,Melissa Mcguire,fcooper@example.com,South John,Wyoming,United States Minor Outlying Islands,2026-05-07
37,Jason Odom,diazderek@example.net,North Jack,Virginia,Nicaragua,2026-04-25
38,Jeffrey Morse,donaldreyes@example.com,Port Kevin,Georgia,Tajikistan,2026-01-19
39,Rhonda Cook,clementsdavid@example.com,Lake Rebeccahaven,New Mexico,Liechtenstein,2026-02-17
40,Daniel Lee,fmurphy@example.org,Patrickmouth,Missouri,Benin,2026-03-29
41,Jordan Rice,jennifercooper@example.org,East Michelleborough,Maine,Somalia,2026-04-02
42,Allison Baker,alexandralewis@example.org,Hallmouth,Rhode Island,Marshall Islands,2026-01-07
43,Douglas Henry,jonathan22@example.org,Amychester,California,Barbados,2026-05-16
44,Patricia Ramirez,hughesbrooke@example.org,West Rhondabury,Utah,Trinidad and Tobago,2026-01-16
45,Laura Gill,qmccarthy@example.com,Gilmoreborough,Delaware,Bolivia,2026-05-05
46,David Fuentes,jack49@example.org,Lake Nicholasbury,Nebraska,Iceland,2026-02-11
47,William Jones,rachael28@example.com,Warnerbury,Oklahoma,Greece,2026-02-20
48,Jose Ball,christensensylvia@example.com,Wandatown,Nebraska,Paraguay,2026-02-25
49,Cynthia Grant,brianwilson@example.org,Thomasberg,Mississippi,Croatia,2026-04-05
50,Jessica Golden,burchsean@example.org,Thomashaven,Georgia,Nicaragua,2026-02-26
51,Bradley Flowers,john66@example.net,South Mary,Colorado,Bermuda,2026-04-28
52,Anthony Mercer,mfrench@example.org,Riveraside,Texas,Uganda,2026-01-17
53,Justin Bryant,srodriguez@example.net,East Sherri,Wyoming,Argentina,2026-04-14
54,Kayla Stevens,langbrian@example.net,Lake Laura,New Jersey,Christmas Island,2026-02-17
55,Tara Fox,sarajohnson@example.org,East Rebecca,Arizona,Saint Lucia,2026-05-22
56,Ashley Cooper,tylerguzman@example.com,West Jaredton,Massachusetts,Falkland Islands (Malvinas),2026-04-01
57,Danielle Johnson,perkinssheila@example.org,New Larry,South Dakota,Liberia,2026-04-05
58,Joe Flores,kevinmckee@example.org,Jamesmouth,Kansas,Belarus,2026-02-09
59,Cody Keller,lewiseric@example.net,Brownbury,New York,Mali,2026-01-01
60,Joseph Clark,sandracunningham@example.org,Duncanfurt,Utah,Belize,2026-01-15
61,Elizabeth Walker,catherinelopez@example.net,East Erikborough,North Carolina,Oman,2026-01-02
62,John Rojas II,shirley87@example.net,North Ann,Oklahoma,United States of America,2026-02-18
63,Joshua Freeman,tatejohn@example.net,South Cherylville,Missouri,Colombia,2026-03-02
64,Lauren Ruiz,jlane@example.net,Robinsonmouth,Indiana,Dominican Republic,2026-04-11
65,Angel Luna,lisasantiago@example.org,South Michelle,Florida,Puerto Rico,2026-05-13
66,Erik Young,chaselopez@example.net,Davisport,North Dakota,Malawi,2026-03-12
67,Willie Smith,lsanchez@example.org,West Erika,North Dakota,Romania,2026-01-23
68,Mark Yu,darren05@example.com,Kristenhaven,Nebraska,Dominican Republic,2026-03-14
69,Rebecca Alvarez,michaelleon@example.org,Richardsonside,Kentucky,Tokelau,2026-01-27
70,Lauren Fitzpatrick,tiffanyprice@example.com,Smithside,Indiana,Palestinian Territory,2026-04-15
71,Tiffany Jenkins,carrieclayton@example.net,East Loriborough,Georgia,United Kingdom,2026-02-06
72,Aaron Tate,sharimcclure@example.com,New Stacy,New Mexico,Indonesia,2026-01-12
73,Randy Phillips,xnorris@example.net,Claudiamouth,Delaware,Timor-Leste,2026-03-10
74,Jason Ray MD,jessica40@example.com,Lake Stacey,New Jersey,Senegal,2026-05-03
75,Rebecca Sims,robinsonjeffrey@example.net,North Jamesville,Maryland,Svalbard & Jan Mayen Islands,2026-02-10
76,Kyle Carpenter,steelerachel@example.com,Monicaville,Kentucky,Somalia,2026-03-25
77,Michael Bell,melissa98@example.net,Lake Robert,Massachusetts,Nepal,2026-04-02
78,Michael Hays,katieharrison@example.net,Boydmouth,Wyoming,Montserrat,2026-03-09
79,Denise Cummings,rriley@example.com,Leeside,Iowa,Egypt,2026-01-21
80,Elizabeth Ross,rebeccahill@example.net,North Kimberlymouth,West Virginia,Guadeloupe,2026-05-05
81,Phillip Wilson,alecharris@example.com,Munoztown,Connecticut,Northern Mariana Islands,2026-02-27
82,Drew Rice,cooklinda@example.com,Allenstad,California,Maldives,2026-01-29
83,Jennifer Brown,victoriamiller@example.com,Colechester,Maine,Marshall Islands,2026-04-17
84,Cesar Harvey,georgeraymond@example.org,Lake Monicamouth,Kansas,Congo,2026-05-16
85,Destiny Lozano,abrady@example.net,Maybury,Connecticut,Holy See (Vatican City State),2026-02-27
86,Brian Hardy,christopher58@example.net,West Alyssaton,New Mexico,Tuvalu,2026-05-05
87,Michael Roberts,melvin91@example.com,Schwartzton,North Dakota,Botswana,2026-04-11
88,Tanya Robbins,lambertjohnny@example.com,Browningstad,West Virginia,Andorra,2026-05-18
89,Jacob Smith,michael44@example.com,North Williamborough,Montana,Italy,2026-01-25
90,Bradley Reed,christopher45@example.net,Charlesburgh,Hawaii,Nepal,2026-05-11
91,Brian Walker,marymiller@example.org,Christinabury,New Mexico,South Africa,2026-05-13
92,Sandra Davis,mahoneyanthony@example.net,Thomasbury,Wyoming,Syrian Arab Republic,2026-04-02
93,Deborah Guerrero,martindawn@example.org,New Laura,Florida,Israel,2026-04-02
94,Jeffery Nelson,sonya50@example.org,East Carrie,Ohio,Lithuania,2026-05-21
95,Joseph Bowen,elong@example.net,South Luke,North Carolina,Bhutan,2026-02-06
96,Hannah Watkins,iwatts@example.com,North Robert,Alaska,Slovenia,2026-02-23
97,Jason Keller,derek86@example.com,Floydton,Utah,Latvia,2026-04-23
98,Andrew Davidson,mreeves@example.net,Port Janice,North Carolina,Timor-Leste,2026-01-19
99,Kimberly Perez,rachelsimmons@example.org,Rogersside,South Carolina,Iran,2026-05-05
100,Amber Williams,ashleysmith@example.org,Daleborough,California,Ireland,2026-01-02
101,Christine Davis,mmarsh@example.net,Michaelborough,New Hampshire,Botswana,2026-04-12
102,Julie Adkins,selliott@example.com,Bauerfort,Oklahoma,Colombia,2026-05-14
103,Duane Shepherd,webersusan@example.net,Hannahshire,Idaho,Korea,2026-03-06
104,Dr. Deanna Dunlap,millsamy@example.com,East Tyrone,Arkansas,Saudi Arabia,2026-03-19
105,Christie Garcia,bpugh@example.net,East Christopher,Wisconsin,Congo,2026-01-04
106,Leslie Burke,dianagross@example.com,East Christina,New Mexico,Zimbabwe,2026-03-28
107,Shannon Garcia,christinerobinson@example.org,West Felicia,California,Samoa,2026-04-16
108,Michael Adams,hinesnicholas@example.net,South Bradview,Pennsylvania,Falkland Islands (Malvinas),2026-05-18
109,Keith Chung,janetjensen@example.com,North Richard,Florida,Norway,2026-05-11
110,Jay Adams,michellehood@example.org,New Stacey,West Virginia,Thailand,2026-02-07
111,Keith Hensley,fford@example.org,South Travisshire,Colorado,Yemen,2026-02-12
112,Carlos Kelly,hsanchez@example.net,Barnesberg,South Carolina,Kazakhstan,2026-03-28
113,Danny Black,lbowen@example.org,Lopezland,Indiana,Montserrat,2026-05-13
114,Robin Cohen,leejohnny@example.org,Davisville,Rhode Island,Algeria,2026-03-17
115,Jeffrey Ball,cindy89@example.net,Madisonchester,Connecticut,China,2026-05-25
116,Debra Brown,kimberlyharrison@example.com,Carmenville,Ohio,Namibia,2026-02-17
117,Christopher Newton,perryleah@example.net,Kaufmanstad,Iowa,San Marino,2026-04-04
118,Nicholas Maldonado,jacobandersen@example.net,North Faith,Arizona,Isle of Man,2026-03-18
119,Holly Ramirez,holmesjoseph@example.com,Bradleymouth,Mississippi,Slovenia,2026-01-15
120,Megan Wilson,gilmorelinda@example.net,Lake Kathyview,Delaware,Tuvalu,2026-01-12
121,Laura Abbott,vstevens@example.com,Thomaston,Arizona,Sierra Leone,2026-02-10
122,Jason Santos,meganwatson@example.org,Paulview,South Dakota,Australia,2026-01-27
123,Brittney Hood,sandovaljessica@example.org,North Jennifertown,Rhode Island,Taiwan,2026-02-08
124,Melissa Harper,bethgallagher@example.com,North Michaelstad,Ohio,Vietnam,2026-04-01
125,Benjamin Wright,wrightbarry@example.org,Lake Mary,Michigan,Svalbard & Jan Mayen Islands,2026-01-30
126,Timothy Henry,justinbanks@example.com,Jeremyport,West Virginia,New Caledonia,2026-01-27
127,Robert Jones,mitchellstanley@example.org,Lake Caleb,Alabama,Hungary,2026-05-04
128,Felicia Davis,taylorjane@example.net,East Frances,Arizona,North Macedonia,2026-01-09
129,Aaron Rodriguez,montgomeryantonio@example.net,Bushfurt,Kansas,Bouvet Island (Bouvetoya),2026-03-01
130,Natasha Jones,scottsmith@example.net,East Robin,Arkansas,Saint Martin,2026-03-26
131,Michelle Williams,dcook@example.com,Port Jacob,Massachusetts,Sierra Leone,2026-01-16
132,Christopher Brown,clarkdavid@example.org,Hallchester,Wyoming,Taiwan,2026-05-01
133,Joseph Turner,yherrera@example.com,North Tiffany,Washington,Latvia,2026-03-26
134,Jason Avery,matthew36@example.com,North Ronaldhaven,Georgia,Brazil,2026-01-21
135,Gloria Phillips,shannonhorton@example.net,North Alexaberg,Montana,Ireland,2026-01-20
136,Brian Sanders,karen49@example.net,Popefurt,Indiana,Austria,2026-04-02
137,Elizabeth Thomas,davidnguyen@example.org,Schneiderstad,Utah,Romania,2026-05-17
138,Nicole Maxwell,dbond@example.com,Stevenshaven,North Carolina,Uzbekistan,2026-02-16
139,Nathaniel Chen,ugarcia@example.net,West Patrickberg,Connecticut,Niue,2026-05-17
140,Mary Jones,bhancock@example.com,Melissamouth,Arkansas,Mozambique,2026-03-04
141,Dillon Frost,tiffany28@example.com,Rodriguezberg,Maine,Thailand,2026-04-05
142,Michael Werner,warebrian@example.org,Fosterstad,Delaware,Somalia,2026-05-17
143,Sarah Brock,catherine18@example.net,Port Claytonstad,Illinois,Vanuatu,2026-01-29
144,Olivia Mckinney,pjefferson@example.com,Port Mariahaven,Wisconsin,Kyrgyz Republic,2026-04-24
145,Kevin Anderson,psmith@example.net,Dianaville,Massachusetts,Sudan,2026-03-20
146,Danielle Clark,brianwhite@example.org,New Barbaraburgh,Oklahoma,Kazakhstan,2026-04-18
147,John Jones,evanskimberly@example.org,Riddleport,Indiana,Argentina,2026-01-22
148,David Lee,smartinez@example.net,North Andreatown,New York,Luxembourg,2026-03-25
149,Jennifer Russell,robertchristensen@example.com,Jerrytown,Maine,British Virgin Islands,2026-05-15
150,Jeffrey Washington,nsmith@example.com,Lake Michael,Vermont,Senegal,2026-03-27
151,Cynthia Bird,mary37@example.net,Port Donaldfurt,Nevada,Kenya,2026-02-12
152,Raymond Richard,sthompson@example.net,Alanchester,Wisconsin,Guadeloupe,2026-03-31
153,Katherine Anderson,hessdaniel@example.org,West Robert,Idaho,Andorra,2026-01-21
154,Andrew Garcia,tracypetersen@example.net,North Sharon,Alabama,Barbados,2026-02-06
155,Joel Smith,johnsondavid@example.org,Lake Timothyview,Alabama,Slovenia,2026-04-10
156,Logan Banks,shaffersusan@example.org,Frenchmouth,Maryland,Honduras,2026-05-04
157,Nina Patel,melissaadams@example.org,South Jeffrey,North Carolina,Ukraine,2026-01-08
158,Jennifer Ramos,laurajimenez@example.com,West Richardmouth,Pennsylvania,Rwanda,2026-05-20
159,Heather Jennings MD,douglassheila@example.com,Romeroport,California,Swaziland,2026-05-17
160,Danielle Gonzales,msexton@example.net,Shawchester,Alabama,Canada,2026-01-31
161,William Baldwin,jcarey@example.com,Hensleyport,Idaho,Palestinian Territory,2026-02-03
162,Tina Reed,zmejia@example.org,Wheelermouth,Washington,Kazakhstan,2026-03-16
163,Ellen Brown,bhart@example.com,Port Jerry,Connecticut,Gabon,2026-03-26
164,Ryan Taylor,shannonnguyen@example.com,North Matthewport,Wyoming,Hungary,2026-05-14
165,Michael Hanson,caroldoyle@example.net,Wrightside,Vermont,Lebanon,2026-03-21
166,Michelle Green,lambertjohn@example.org,Hollandton,California,United Kingdom,2026-03-22
167,John Warren,richard03@example.com,Rodriguezstad,Iowa,Mongolia,2026-04-29
168,Brian Sims,brownjoseph@example.net,Porterchester,Alaska,Ghana,2026-03-05
169,James Miller,floresreginald@example.org,Angelbury,Alabama,Indonesia,2026-04-28
170,Jack Martinez,anthony32@example.com,Lake Yolanda,Kansas,Sri Lanka,2026-04-23
171,Erin Ball,hhenderson@example.org,Eileentown,Hawaii,Finland,2026-02-16
172,Timothy Copeland,amandaorr@example.org,East Tyler,Texas,French Southern Territories,2026-01-14
173,Andre Vaughn,lhall@example.net,Lake Pamela,North Dakota,Malta,2026-03-29
174,Kristen Williams,carlsonwayne@example.org,Raymondmouth,Ohio,Austria,2026-04-29
175,Thomas Klein,obrown@example.net,South David,Illinois,Estonia,2026-03-13
176,Katherine Baker,jennifer02@example.net,Laurenside,Missouri,Austria,2026-01-25
177,Ashley Stewart,mendozalaura@example.org,Jonathanstad,New Mexico,Puerto Rico,2026-01-21
178,Ryan Mitchell,dpatterson@example.org,Dannychester,Nevada,Syrian Arab Republic,2026-03-08
179,Brittany Stein,larsonduane@example.org,West Nathanberg,Nevada,Lithuania,2026-04-14
180,Wayne Morgan,milleranthony@example.com,Danaton,Indiana,Marshall Islands,2026-03-25
181,Stephen Mason,elewis@example.org,West Sandra,Louisiana,Argentina,2026-03-27
182,Brittany Parker,turnerwesley@example.com,Wileyfort,Oklahoma,Bahamas,2026-03-02
183,Ryan Hubbard,rileymelissa@example.org,West Joseph,Indiana,Croatia,2026-02-11
184,Paul Johnson,susan90@example.net,Port Denisemouth,Ohio,Nigeria,2026-05-03
185,Carol Myers,christopherdavis@example.com,Deckermouth,Virginia,Malaysia,2026-02-04
186,Laura Baker,xwest@example.org,West Robertview,West Virginia,Congo,2026-03-17
187,Felicia Wiley,martinanthony@example.net,West Bradleyburgh,North Carolina,Georgia,2026-02-10
188,Audrey Wilson,kimberly86@example.com,Nobleshire,Alaska,Tanzania,2026-05-22
189,Ronald Romero,brianstewart@example.org,New Eric,Wyoming,Marshall Islands,2026-03-15
190,Nicole Butler,keithmclaughlin@example.org,Johnsonview,South Dakota,Antigua and Barbuda,2026-04-13
191,Anthony Andersen,roberthenry@example.net,Port Monicaville,Washington,Niue,2026-03-04
192,Isaac Johnson,vkelly@example.net,Johnmouth,California,Poland,2026-04-19
193,Martha Allen,jenniferbrown@example.net,Lake Daniel,Montana,Latvia,2026-03-02
194,Allison Wright,ncowan@example.org,West Christian,Arkansas,Antigua and Barbuda,2026-01-27
195,Heather Sanchez,foxjason@example.net,East Claudia,Kentucky,Nigeria,2026-05-05
196,Jessica Woods,warren51@example.net,West Benjamin,South Carolina,United Kingdom,2026-01-28
197,Linda Hatfield PhD,inavarro@example.net,Philipberg,Minnesota,Netherlands Antilles,2026-04-24
198,Shelly Hebert,ijones@example.org,Norrismouth,California,Falkland Islands (Malvinas),2026-02-01
199,Samuel Howell,wjohnston@example.net,West Joseborough,Ohio,Lithuania,2026-02-04
200,Aaron Thomas,hpeterson@example.org,Nicoleland,South Dakota,Mauritius,2026-03-13
